original,parallel
9.63,10.02000000000001
17.740000000000002,5.839999999999989
23.459999999999994,12.269999999999996
9.25,5.550000000000011
